{
    "branch": "feature_php-8.5-only",
    "commit": "9261719b",
    "scenario": "warm",
    "docs_type": "small",
    "timestamp": "20260101_113201",
    "runs": 3,
    "metrics": {
        "time": {
            "avg_seconds": 7.715,
            "min_seconds": 6.896354250,
            "max_seconds": 9.177706281
        },
        "memory": {
            "avg_mb": 1034.0,
            "min_mb": 1034,
            "max_mb": 1034
        },
        "files_rendered": 98
    },
    "raw_times_seconds": [9.177706281,6.896354250,7.072390925],
    "raw_memories_mb": [1034,1034,1034]
}
