{
    "branch": "feature_php-8.5-only",
    "commit": "d445525b",
    "scenario": "cold",
    "docs_type": "small",
    "timestamp": "20260103_135501",
    "runs": 3,
    "metrics": {
        "time": {
            "avg_seconds": 7.008,
            "min_seconds": 6.501090443,
            "max_seconds": 8.022453465
        },
        "memory": {
            "avg_mb": 1024.0,
            "min_mb": 1024,
            "max_mb": 1024
        },
        "files_rendered": 98
    },
    "raw_times_seconds": [6.503072443,8.022453465,6.501090443],
    "raw_memories_mb": [1024,1024,1024]
}
