{
    "branch": "feature_php-8.5-only",
    "commit": "56846f3a",
    "scenario": "cold",
    "docs_type": "small",
    "timestamp": "20260102_223156",
    "runs": 5,
    "metrics": {
        "time": {
            "avg_seconds": 8.938,
            "min_seconds": 7.142076225,
            "max_seconds": 11.671736065
        },
        "memory": {
            "avg_mb": 1046.0,
            "min_mb": 1046,
            "max_mb": 1046
        },
        "files_rendered": 98
    },
    "raw_times_seconds": [8.009659506,9.120707049,7.142076225,8.749259108,11.671736065],
    "raw_memories_mb": [1046,1046,1046,1046,1046]
}
