{
    "branch": "feature_php-8.5-only",
    "commit": "55f364ed",
    "scenario": "warm",
    "docs_type": "small",
    "timestamp": "20260102_110910",
    "runs": 3,
    "metrics": {
        "time": {
            "avg_seconds": 1.292,
            "min_seconds": 1.270125825,
            "max_seconds": 1.314432072
        },
        "memory": {
            "avg_mb": 935.0,
            "min_mb": 935,
            "max_mb": 935
        },
        "files_rendered": 98
    },
    "raw_times_seconds": [1.294338940,1.270125825,1.314432072],
    "raw_memories_mb": [935,935,935]
}
