{
    "branch": "feature_php-8.5-only",
    "commit": "9261719b",
    "scenario": "partial",
    "docs_type": "small",
    "timestamp": "20260101_110440",
    "runs": 3,
    "metrics": {
        "time": {
            "avg_seconds": 9.141,
            "min_seconds": 8.407465338,
            "max_seconds": 9.723891031
        },
        "memory": {
            "avg_mb": 1034.0,
            "min_mb": 1034,
            "max_mb": 1034
        },
        "files_rendered": 98
    },
    "raw_times_seconds": [8.407465338,9.723891031,9.292507839],
    "raw_memories_mb": [1034,1034,1034]
}
