{
    "branch": "feature_php-8.5-only",
    "commit": "55f364ed",
    "scenario": "partial",
    "docs_type": "small",
    "timestamp": "20260102_110910",
    "runs": 3,
    "metrics": {
        "time": {
            "avg_seconds": 1.290,
            "min_seconds": 1.194278396,
            "max_seconds": 1.398646881
        },
        "memory": {
            "avg_mb": 934.0,
            "min_mb": 934,
            "max_mb": 934
        },
        "files_rendered": 98
    },
    "raw_times_seconds": [1.194278396,1.398646881,1.278452733],
    "raw_memories_mb": [934,934,934]
}
