{
    "branch": "feature_php-8.5-only",
    "commit": "ee101867",
    "scenario": "cold",
    "docs_type": "small",
    "timestamp": "20260103_013246",
    "runs": 3,
    "metrics": {
        "time": {
            "avg_seconds": 7.195,
            "min_seconds": 6.791294910,
            "max_seconds": 7.739890079
        },
        "memory": {
            "avg_mb": 1046.0,
            "min_mb": 1046,
            "max_mb": 1046
        },
        "files_rendered": 98
    },
    "raw_times_seconds": [7.739890079,6.791294910,7.054386609],
    "raw_memories_mb": [1046,1046,1046]
}
