{
    "branch": "feature_php-8.5-only",
    "commit": "56846f3a",
    "scenario": "cold",
    "docs_type": "small",
    "timestamp": "20260102_224834",
    "runs": 5,
    "metrics": {
        "time": {
            "avg_seconds": 7.723,
            "min_seconds": 7.165241401,
            "max_seconds": 8.653287873
        },
        "memory": {
            "avg_mb": 1046.0,
            "min_mb": 1046,
            "max_mb": 1046
        },
        "files_rendered": 98
    },
    "raw_times_seconds": [8.653287873,7.420179388,7.444565714,7.936257371,7.165241401],
    "raw_memories_mb": [1046,1046,1046,1046,1046]
}
