{
    "branch": "feature_php-8.5-only",
    "commit": "56846f3a",
    "scenario": "cold",
    "docs_type": "small",
    "timestamp": "20260102_224932",
    "runs": 7,
    "metrics": {
        "time": {
            "avg_seconds": 7.665,
            "min_seconds": 6.944155217,
            "max_seconds": 8.754393148
        },
        "memory": {
            "avg_mb": 1046.0,
            "min_mb": 1046,
            "max_mb": 1046
        },
        "files_rendered": 98
    },
    "raw_times_seconds": [8.674335635,7.571243379,7.437020286,8.754393148,6.944155217,7.170408773,7.104809350],
    "raw_memories_mb": [1046,1046,1046,1046,1046,1046,1046]
}
