{
    "branch": "feature_php-8.5-only",
    "commit": "56846f3a",
    "scenario": "cold",
    "docs_type": "small",
    "timestamp": "20260102_222512",
    "runs": 5,
    "metrics": {
        "time": {
            "avg_seconds": 7.791,
            "min_seconds": 7.163332774,
            "max_seconds": 8.615277303
        },
        "memory": {
            "avg_mb": 1046.0,
            "min_mb": 1046,
            "max_mb": 1046
        },
        "files_rendered": 98
    },
    "raw_times_seconds": [8.615277303,7.163332774,7.472117308,8.145193259,7.559535214],
    "raw_memories_mb": [1046,1046,1046,1046,1046]
}
