{
    "branch": "feature_php-8.5-only",
    "commit": "9261719b",
    "scenario": "warm",
    "docs_type": "small",
    "timestamp": "20260101_094350",
    "runs": 3,
    "metrics": {
        "time": {
            "avg_seconds": 7.887,
            "min_seconds": 7.449902478,
            "max_seconds": 8.503703909
        },
        "memory": {
            "avg_mb": 1034.0,
            "min_mb": 1034,
            "max_mb": 1034
        },
        "files_rendered": 98
    },
    "raw_times_seconds": [8.503703909,7.709876756,7.449902478],
    "raw_memories_mb": [1034,1034,1034]
}
