{
    "branch": "feature_php-8.5-only",
    "commit": "9261719b",
    "scenario": "warm",
    "docs_type": "small",
    "timestamp": "20260101_092533",
    "runs": 3,
    "metrics": {
        "time": {
            "avg_seconds": 9.093,
            "min_seconds": 8.544337295,
            "max_seconds": 9.746674763
        },
        "memory": {
            "avg_mb": 1034.0,
            "min_mb": 1034,
            "max_mb": 1034
        },
        "files_rendered": 98
    },
    "raw_times_seconds": [9.746674763,8.544337295,8.988393184],
    "raw_memories_mb": [1034,1034,1034]
}
