{
    "branch": "feature_php-8.5-only",
    "commit": "9261719b",
    "scenario": "partial",
    "docs_type": "small",
    "timestamp": "20260101_113243",
    "runs": 3,
    "metrics": {
        "time": {
            "avg_seconds": 6.973,
            "min_seconds": 6.814695592,
            "max_seconds": 7.141586684
        },
        "memory": {
            "avg_mb": 1034.0,
            "min_mb": 1034,
            "max_mb": 1034
        },
        "files_rendered": 98
    },
    "raw_times_seconds": [6.814695592,7.141586684,6.965400800],
    "raw_memories_mb": [1034,1034,1034]
}
