{
    "branch": "feature_php-8.5-only",
    "commit": "9261719b",
    "scenario": "partial",
    "docs_type": "small",
    "timestamp": "20260101_004900",
    "runs": 3,
    "metrics": {
        "time": {
            "avg_seconds": 11.838,
            "min_seconds": 11.255077436,
            "max_seconds": 12.922535714
        },
        "memory": {
            "avg_mb": 1034.0,
            "min_mb": 1034,
            "max_mb": 1034
        },
        "files_rendered": 98
    },
    "raw_times_seconds": [12.922535714,11.337905399,11.255077436],
    "raw_memories_mb": [1034,1034,1034]
}
