{
    "branch": "feature_php-8.5-only",
    "commit": "56846f3a",
    "scenario": "cold",
    "docs_type": "small",
    "timestamp": "20260102_220124",
    "runs": 5,
    "metrics": {
        "time": {
            "avg_seconds": 8.642,
            "min_seconds": 7.674811748,
            "max_seconds": 10.209417687
        },
        "memory": {
            "avg_mb": 1046.0,
            "min_mb": 1046,
            "max_mb": 1046
        },
        "files_rendered": 98
    },
    "raw_times_seconds": [10.209417687,7.674811748,9.002649060,8.577971806,7.746896202],
    "raw_memories_mb": [1046,1046,1046,1046,1046]
}
