{
    "branch": "feature_php-8.5-only",
    "commit": "9261719b",
    "scenario": "partial",
    "docs_type": "small",
    "timestamp": "20260101_110326",
    "runs": 3,
    "metrics": {
        "time": {
            "avg_seconds": 8.279,
            "min_seconds": 7.883883397,
            "max_seconds": 8.988667653
        },
        "memory": {
            "avg_mb": 1034.0,
            "min_mb": 1034,
            "max_mb": 1034
        },
        "files_rendered": 98
    },
    "raw_times_seconds": [7.967228181,8.988667653,7.883883397],
    "raw_memories_mb": [1034,1034,1034]
}
