{
    "branch": "feature_php-8.5-only",
    "commit": "d445525b",
    "scenario": "cold",
    "docs_type": "small",
    "timestamp": "20260103_134854",
    "runs": 3,
    "metrics": {
        "time": {
            "avg_seconds": 6.052,
            "min_seconds": 5.508385092,
            "max_seconds": 7.071025873
        },
        "memory": {
            "avg_mb": 753.0,
            "min_mb": 753,
            "max_mb": 753
        },
        "files_rendered": 62
    },
    "raw_times_seconds": [7.071025873,5.508385092,5.577738502],
    "raw_memories_mb": [753,753,753]
}
