{
    "branch": "feature_php-8.5-only",
    "commit": "9261719b",
    "scenario": "cold",
    "docs_type": "small",
    "timestamp": "20260101_094308",
    "runs": 3,
    "metrics": {
        "time": {
            "avg_seconds": 9.557,
            "min_seconds": 9.100850598,
            "max_seconds": 10.405951252
        },
        "memory": {
            "avg_mb": 1034.0,
            "min_mb": 1034,
            "max_mb": 1034
        },
        "files_rendered": 98
    },
    "raw_times_seconds": [9.166210573,9.100850598,10.405951252],
    "raw_memories_mb": [1034,1034,1034]
}
