{
    "branch": "feature_php-8.5-only",
    "commit": "56846f3a",
    "scenario": "cold",
    "docs_type": "small",
    "timestamp": "20260103_000428",
    "runs": 3,
    "metrics": {
        "time": {
            "avg_seconds": 7.445,
            "min_seconds": 7.064139286,
            "max_seconds": 8.000376546
        },
        "memory": {
            "avg_mb": 1046.0,
            "min_mb": 1046,
            "max_mb": 1046
        },
        "files_rendered": 98
    },
    "raw_times_seconds": [8.000376546,7.064139286,7.273114524],
    "raw_memories_mb": [1046,1046,1046]
}
