{
    "branch": "feature_php-8.5-only",
    "commit": "d2f36ecd",
    "scenario": "cold",
    "docs_type": "small",
    "timestamp": "20260103_223521",
    "runs": 3,
    "metrics": {
        "time": {
            "avg_seconds": 7.204,
            "min_seconds": 6.456043597,
            "max_seconds": 8.572304240
        },
        "memory": {
            "avg_mb": 1024.0,
            "min_mb": 1024,
            "max_mb": 1024
        },
        "files_rendered": 98
    },
    "raw_times_seconds": [8.572304240,6.456043597,6.583723938],
    "raw_memories_mb": [1024,1024,1024]
}
