{
    "branch": "feature_php-8.5-only",
    "commit": "55f364ed",
    "scenario": "cold",
    "docs_type": "small",
    "timestamp": "20260102_110443",
    "runs": 3,
    "metrics": {
        "time": {
            "avg_seconds": 9.335,
            "min_seconds": 8.822408536,
            "max_seconds": 10.346151383
        },
        "memory": {
            "avg_mb": 1046.0,
            "min_mb": 1046,
            "max_mb": 1046
        },
        "files_rendered": 98
    },
    "raw_times_seconds": [8.822408536,10.346151383,8.837109189],
    "raw_memories_mb": [1046,1046,1046]
}
