{
    "branch": "feature_php-8.5-only",
    "commit": "55f364ed",
    "scenario": "cold",
    "docs_type": "small",
    "timestamp": "20260102_110910",
    "runs": 3,
    "metrics": {
        "time": {
            "avg_seconds": 9.012,
            "min_seconds": 8.448410194,
            "max_seconds": 9.926167961
        },
        "memory": {
            "avg_mb": 1046.0,
            "min_mb": 1046,
            "max_mb": 1046
        },
        "files_rendered": 98
    },
    "raw_times_seconds": [8.662200433,8.448410194,9.926167961],
    "raw_memories_mb": [1046,1046,1046]
}
