{
    "branch": "feature_php-8.5-only",
    "commit": "ee101867",
    "scenario": "cold",
    "docs_type": "small",
    "timestamp": "20260103_014055",
    "runs": 3,
    "metrics": {
        "time": {
            "avg_seconds": 7.169,
            "min_seconds": 6.727281026,
            "max_seconds": 7.676637235
        },
        "memory": {
            "avg_mb": 1046.0,
            "min_mb": 1046,
            "max_mb": 1046
        },
        "files_rendered": 98
    },
    "raw_times_seconds": [7.103888958,6.727281026,7.676637235],
    "raw_memories_mb": [1046,1046,1046]
}
