{
    "branch": "main",
    "commit": "65a3b6ff",
    "scenario": "cold",
    "docs_type": "small",
    "timestamp": "20260101_094518",
    "runs": 3,
    "metrics": {
        "time": {
            "avg_seconds": 9.992,
            "min_seconds": 9.562249161,
            "max_seconds": 10.830787320
        },
        "memory": {
            "avg_mb": 1011.0,
            "min_mb": 1011,
            "max_mb": 1011
        },
        "files_rendered": 98
    },
    "raw_times_seconds": [9.585620129,10.830787320,9.562249161],
    "raw_memories_mb": [1011,1011,1011]
}
